id,name,address,date_of_birth,phone_number
1,Chariot Lamort,28 Bay Hill,1996-08-04,+48 370 482 7461
2,Hugh Johl,00601 Saint Paul Hill,1999-12-30,+86 125 599 9855
3,Cathee Bumby,0648 Sutherland Court,1995-12-09,+351 784 894 4251
4,Audy Combes,9 Surrey Place,2001-01-07,+55 366 806 1458
5,Orland Trotton,9125 Marquette Park,1997-08-10,+47 916 665 3125
6,Frankie Dandison,24 Stone Corner Hill,1995-07-28,+351 654 641 2049
7,Luigi Bertot,6 Armistice Trail,1996-09-08,+63 382 262 0005
8,Myron Dowles,542 Bluejay Drive,2001-03-13,+358 765 329 2901
9,Egor Tulleth,029 Charing Cross Terrace,2000-01-25,+420 835 349 7003
10,Zonda Chamley,2423 Huxley Road,2000-04-04,+86 285 828 9234
11,Holden Feldbrin,59104 Washington Street,1997-10-11,+234 227 338 1523
12,Roxi Alenin,5122 Becker Junction,1997-08-21,+62 431 499 5079
13,Avivah Purrington,6 Merchant Avenue,1996-05-02,+63 241 797 2510
14,Juliet Duligall,83 Cherokee Alley,1998-04-01,+86 226 169 1204
15,Goldia McPhilip,85 Farwell Parkway,1997-03-18,+63 496 545 9430
16,Adair Cromblehome,042 Main Terrace,1997-07-31,+692 500 255 3859
17,Reamonn McNeigh,273 Village Green Circle,1996-04-11,+46 564 433 9916
18,Fanya Bogays,41579 Carpenter Trail,1999-05-11,+86 764 326 9688
19,Nicola Rigbye,957 Reindahl Park,1995-02-16,+62 218 399 9954
20,Lorne Larmet,57 Bartelt Parkway,1995-07-24,+86 277 475 0045
21,Lari Boulde,247 Randy Drive,2000-02-23,+998 372 444 7183
22,Jaquelyn Harnett,615 Linden Alley,1999-03-24,+7 256 755 6181
23,Thorstein Perryn,8 Kennedy Hill,1998-04-28,+420 441 198 5385
24,Anatol MacAllister,37 Bayside Place,2001-01-30,+62 185 981 8796
25,Hilary Rickertsen,69 Scoville Avenue,2000-07-08,+1 562 418 8912
26,Evelyn Comben,2 Paget Street,1999-06-17,+504 279 179 5296
27,Antoine Scedall,0 Forest Run Place,1995-10-06,+86 308 616 4280
28,Ad Taill,9173 Parkside Plaza,1997-04-25,+380 856 573 2979
29,Ab Canwell,36698 Twin Pines Junction,2001-01-27,+351 669 204 5095
30,Vernor Stainbridge,030 Towne Center,2000-02-05,+46 541 718 2688
31,Sigvard Olenchikov,5599 Fulton Street,1997-12-10,+86 460 887 8020
32,Brit De Rechter,4103 Logan Road,1995-09-06,+62 629 951 9912
33,Tootsie Moscon,74 Haas Crossing,1996-01-24,+598 163 788 4933
34,Kaspar Delete,65299 Schmedeman Terrace,1999-07-31,+63 371 926 8026
35,Cob Ansett,192 Bobwhite Road,1995-07-17,+86 384 852 8969
36,Shell Hawken,0468 Carey Crossing,1996-02-28,+351 781 392 8435
37,Neilla Fewings,2 Barnett Park,1998-12-26,+63 112 873 8222
38,Jared Diggles,878 Gale Avenue,2001-04-05,+86 569 509 9424
39,Edie Spur,3260 Miller Plaza,2000-06-22,+7 296 226 0109
40,Anthea Charopen,5641 Thierer Junction,1995-03-19,+33 719 208 7744
41,Jannel Marshallsay,67158 Morrow Hill,1997-07-01,+7 792 139 1603
42,Genia Glamart,4 Johnson Way,2000-10-03,+32 551 693 6533
43,Tara Studdard,42 Sycamore Drive,1997-03-28,+1 949 704 8337
44,Nonnah Bazoge,025 Sunnyside Parkway,1999-10-26,+55 248 644 0530
45,Edan Fidler,35168 8th Center,1998-10-18,+63 204 817 3866
46,Boigie Borghese,476 Park Meadow Crossing,1997-11-01,+86 755 934 1628
47,Glenden Orme,241 Armistice Way,1994-09-15,+62 316 826 3669
48,Fayina Guiet,7 Ludington Place,1998-08-23,+55 605 468 3619
49,Amos Fidgett,479 Jackson Drive,1999-05-04,+86 947 401 4376
50,Deborah Reubel,14419 Morning Circle,2000-07-05,+58 216 648 5238
51,Karin Stenning,181 Bayside Alley,2000-07-08,+86 794 784 6085
52,Adore Ebanks,192 Talmadge Road,1994-08-04,+53 149 250 6805
53,Tulley Farress,1 Laurel Road,2000-07-29,+62 890 819 3791
54,Melania Clayill,7 Elka Court,2000-11-16,+86 802 640 3945
55,Myrah Reams,04 Hovde Road,1995-12-05,+66 629 999 3826
56,Townie Tinto,5711 Cherokee Junction,2000-12-08,+256 889 337 2166
57,Isidora Kernley,50 Thierer Junction,1999-01-18,+234 705 457 6584
58,Vinny Mitkov,11958 International Road,1997-12-08,+84 491 956 4244
59,Emmalynne Bannerman,7 John Wall Circle,1994-07-05,+386 993 257 0091
60,Bettine Manssuer,56 Sycamore Drive,1995-03-19,+967 663 683 3931
61,Rafa Kelshaw,48 Mariners Cove Junction,1999-11-23,+1 469 516 6105
62,Shayne Darwen,7406 Dexter Avenue,2000-02-03,+599 524 969 2075
63,Ferrel Ravilious,45821 Briar Crest Alley,1998-07-21,+33 203 846 1097
64,Paton Maggiori,0432 Anniversary Park,1995-06-19,+255 853 228 7371
65,Brett Joburn,72300 Kennedy Center,1995-03-27,+1 386 321 8848
66,Dianne McKim,50 Rusk Plaza,1995-07-04,+62 192 805 0656
67,Aura Bairnsfather,406 Valley Edge Way,1999-01-25,+86 641 560 5789
68,Alric Discombe,101 Vermont Point,1994-08-09,+62 960 854 9436
69,Jacobo Charer,18769 Mendota Park,1996-12-04,+370 555 975 5915
70,Garv Rosina,4 Corry Hill,1994-12-06,+998 217 383 0566
71,Stacy Billborough,02 Pearson Street,2001-05-18,+86 126 791 8062
72,Douglas Bricham,461 Paget Pass,2001-05-26,+20 961 320 5330
73,Deanne Spalding,6 Parkside Hill,2000-08-26,+381 113 169 5934
74,Ezequiel Budnk,2719 Northfield Road,2001-05-26,+62 994 215 6539
75,Sanford Durand,45377 Moland Lane,1997-11-21,+49 440 974 6872
76,Raynard Glennie,386 Schlimgen Circle,1995-07-25,+358 152 506 5326
77,Henrietta Deniskevich,14 Riverside Road,1995-08-20,+420 129 469 9204
78,Roby Inger,7 Dawn Junction,1996-07-25,+54 603 654 1102
79,Melli Haselden,3937 Packers Plaza,1998-05-30,+374 721 151 8556
80,Grier MacKessock,3 Dorton Pass,1999-05-02,+86 267 675 2469
81,Ab Cinnamond,317 Loomis Circle,1999-04-07,+234 786 397 5037
82,Arielle Jentin,03131 Aberg Park,1997-09-18,+374 270 967 0759
83,Gwendolin Corderoy,73214 Briar Crest Crossing,2000-05-13,+58 716 196 6744
84,Kelley Marti,8 Swallow Trail,1995-12-27,+380 883 582 6770
85,Joel Finicj,20953 Mesta Alley,1997-12-24,+351 997 811 5388
86,Morganica Ohrt,0 Iowa Center,1999-02-06,+371 986 989 0559
87,Tate Pucker,551 South Avenue,1999-12-04,+86 891 590 9723
88,Devora Mitcham,50 Thierer Parkway,2000-11-01,+86 841 243 4467
89,Nancy Plett,35875 Shoshone Way,1998-07-25,+7 244 887 5868
90,Meghann Eastcourt,17 Daystar Way,1995-01-21,+46 165 603 8049
91,Chery Edmeades,4473 Prairie Rose Alley,1997-01-15,+7 491 117 8247
92,Arie Yoselevitch,780 Moland Avenue,1998-12-30,+86 456 616 3973
93,Edy Purchase,611 Londonderry Parkway,1995-04-23,+33 159 709 2704
94,Ailsun Blunkett,1 Randy Road,2000-01-06,+420 750 483 5071
95,Vivia Torbet,23298 Troy Alley,1999-12-28,+351 186 286 3260
96,Ingar Procter,095 Bultman Place,1997-08-05,+63 244 493 5232
97,Lesley Syalvester,298 Bultman Center,1995-02-19,+48 999 637 6649
98,Beale Boynes,547 Havey Avenue,2000-06-18,+86 340 579 5818
99,Joanie Molineaux,82 Spaight Crossing,2001-05-29,+222 326 670 5095
100,Galvin Wakeman,0 Eggendart Junction,2000-08-23,+48 735 961 7404
